[
   {
      "exam_id":"1",
      "duration":"01:00",
      "question_count":"10",
      "start_date":"2022-12-20",
      "start_time":"08:00",
      "tittle":"Math Exam",
      "days":"00",
      "hour":"00",
      "min":"00",
      "sec":"00"
   },
   {
      "exam_id":"2",
      "duration":"01:00",
      "question_count":"10",
      "start_date":"2022-11-02",
      "start_time":"14:00",
      "tittle":" ABC Exam",
      "days":"00",
      "hour":"00",
      "min":"00",
      "sec":"00"
   },
   {
      "exam_id":"3",
      "duration":"01:00",
      "question_count":"10",
      "start_date":"2022-01-20",
      "start_time":"08:00",
      "tittle":"Exam",
      "days":"00",
      "hour":"00",
      "min":"00",
      "sec":"00"
   },
   {
      "exam_id":"4",
      "duration":"01:00",
      "question_count":"10",
      "start_date":"2019-01-19",
      "start_time":"08:00",
      "tittle":"English Exam",
      "days":"00",
      "hour":"00",
      "min":"00",
      "sec":"00"
   }
]